{"cameraMode":{"drawMode":0,"name":"Shaded","section":"Shading Mode"},"sceneLighting":true,"audioPlay":false,"sceneViewState":{"showFog":true,"showMaterialUpdate":false,"showSkybox":true,"showFlares":true,"showImageEffects":true,"showParticleSystems":true},"in2DMode":false,"pivot":{"x":-12.931181907653809,"y":3.9733901023864748,"z":-7.971609592437744},"rotation":{"x":0.034799035638570788,"y":0.8022136688232422,"z":0.04698285833001137,"w":-0.5941712856292725},"size":9.12024974822998,"orthographic":false}